class,coverage,stride,accuracy,n_samples
ApplyEyeMakeup,10,1,0.9322033898305084,413
ApplyLipstick,10,1,0.9912280701754386,342
Archery,10,1,0.8208955223880597,402
BabyCrawling,10,1,0.8422459893048129,374
BalanceBeam,10,1,0.6398104265402843,211
BandMarching,10,1,0.7495652173913043,575
BaseballPitch,10,1,0.6406926406926406,231
Basketball,10,1,0.3127035830618892,307
BasketballDunk,10,1,0.9790209790209792,143
BenchPress,10,1,0.7302631578947368,304
Biking,10,1,0.7486238532110092,545
Billiards,10,1,0.9510939510939512,777
BlowDryHair,10,1,0.8051948051948052,539
BlowingCandles,10,1,0.9385474860335196,179
BodyWeightSquats,10,1,0.0331950207468879,241
Bowling,10,1,0.9647435897435898,312
BoxingPunchingBag,10,1,0.5960144927536232,552
BoxingSpeedBag,10,1,0.6736842105263158,570
BreastStroke,10,1,0.5899053627760252,317
BrushingTeeth,10,1,0.7976391231028668,593
CleanAndJerk,10,1,0.5842391304347826,368
CliffDiving,10,1,0.4035087719298245,171
CricketBowling,10,1,0.9264705882352942,204
CricketShot,10,1,0.7415254237288136,236
CuttingInKitchen,10,1,0.9907120743034056,323
Diving,10,1,0.8436123348017621,454
Drumming,10,1,0.755700325732899,921
Fencing,10,1,0.4956521739130435,230
FieldHockeyPenalty,10,1,0.9356223175965666,233
FloorGymnastics,10,1,0.6,310
FrisbeeCatch,10,1,0.52,175
FrontCrawl,10,1,0.962406015037594,399
GolfSwing,10,1,0.9404145077720208,386
Haircut,10,1,0.8089005235602095,382
HammerThrow,10,1,0.5955056179775281,445
Hammering,10,1,0.9666666666666668,300
HandstandPushups,10,1,0.7892561983471075,242
HandstandWalking,10,1,0.675,320
HeadMassage,10,1,0.8993576017130621,467
HighJump,10,1,0.3209302325581395,215
HorseRace,10,1,0.7130434782608696,575
HorseRiding,10,1,0.8504504504504504,555
HulaHoop,10,1,0.5257731958762887,194
IceDancing,10,1,0.5428176795580111,724
JavelinThrow,10,1,0.3370165745856354,181
JugglingBalls,10,1,0.5484460694698354,547
JumpRope,10,1,0.4317991631799163,1195
JumpingJack,10,1,0.0977443609022556,133
Kayaking,10,1,0.5649606299212598,508
Knitting,10,1,0.9324618736383442,459
LongJump,10,1,0.5243055555555556,288
Lunges,10,1,0.2239089184060721,527
MilitaryParade,10,1,0.9032258064516128,248
Mixing,10,1,0.9580152671755724,262
MoppingFloor,10,1,0.395,400
Nunchucks,10,1,0.5081081081081081,555
ParallelBars,10,1,0.7026022304832714,269
PizzaTossing,10,1,0.2522522522522522,222
PlayingCello,10,1,0.9585185185185184,675
PlayingDaf,10,1,0.8873762376237624,808
PlayingDhol,10,1,0.9660633484162896,884
PlayingFlute,10,1,0.9656992084432716,758
PlayingGuitar,10,1,0.9836683417085428,796
PlayingPiano,10,1,0.9761904761904762,420
PlayingSitar,10,1,0.9933712121212122,1056
PlayingTabla,10,1,0.9872029250457038,547
PlayingViolin,10,1,0.930379746835443,316
PoleVault,10,1,0.4789719626168224,428
PommelHorse,10,1,0.5841836734693877,784
PullUps,10,1,0.4017857142857143,224
Punch,10,1,0.8981042654028436,844
PushUps,10,1,0.7723577235772358,123
Rafting,10,1,0.489247311827957,372
RockClimbingIndoor,10,1,0.8636363636363636,1034
RopeClimbing,10,1,0.396011396011396,351
Rowing,10,1,0.580952380952381,840
SalsaSpin,10,1,0.4953095684803001,533
ShavingBeard,10,1,0.8819875776397516,644
Shotput,10,1,0.7446808510638298,188
SkateBoarding,10,1,0.6277372262773723,274
Skiing,10,1,0.7026515151515151,528
Skijet,10,1,0.8110599078341014,434
SkyDiving,10,1,0.7802197802197802,364
SoccerJuggling,10,1,0.3250620347394541,806
SoccerPenalty,10,1,0.9788359788359788,189
StillRings,10,1,0.776536312849162,358
SumoWrestling,10,1,0.925925925925926,405
Surfing,10,1,0.7668161434977578,446
Swing,10,1,0.52,400
TableTennisShot,10,1,0.5432098765432098,405
TaiChi,10,1,0.7746031746031746,315
TennisSwing,10,1,0.3977272727272727,440
ThrowDiscus,10,1,0.175531914893617,188
TrampolineJumping,10,1,0.4288939051918736,443
Typing,10,1,0.9979591836734694,490
UnevenBars,10,1,0.3146067415730337,267
VolleyballSpiking,10,1,0.3962264150943396,212
WalkingWithDog,10,1,0.582441113490364,467
WallPushups,10,1,0.9572649572649572,234
WritingOnBoard,10,1,0.9952718676122932,423
YoYo,10,1,0.4116161616161616,396
ApplyEyeMakeup,25,1,0.9491525423728814,413
ApplyLipstick,25,1,0.9883040935672516,342
Archery,25,1,0.8681592039800995,402
BabyCrawling,25,1,0.9010695187165776,374
BalanceBeam,25,1,0.6777251184834123,211
BandMarching,25,1,0.831304347826087,575
BaseballPitch,25,1,0.70995670995671,231
Basketball,25,1,0.4885993485342019,307
BasketballDunk,25,1,0.986013986013986,143
BenchPress,25,1,0.8388157894736842,304
Biking,25,1,0.8623853211009175,545
Billiards,25,1,0.9626769626769628,777
BlowDryHair,25,1,0.8701298701298701,539
BlowingCandles,25,1,0.9497206703910616,179
BodyWeightSquats,25,1,0.0746887966804979,241
Bowling,25,1,0.9583333333333334,312
BoxingPunchingBag,25,1,0.7445652173913043,552
BoxingSpeedBag,25,1,0.7912280701754386,570
BreastStroke,25,1,0.6908517350157729,317
BrushingTeeth,25,1,0.8195615514333895,593
CleanAndJerk,25,1,0.7010869565217391,368
CliffDiving,25,1,0.5847953216374269,171
CricketBowling,25,1,0.9264705882352942,204
CricketShot,25,1,0.7838983050847458,236
CuttingInKitchen,25,1,0.9845201238390092,323
Diving,25,1,0.9118942731277532,454
Drumming,25,1,0.8121606948968513,921
Fencing,25,1,0.6826086956521739,230
FieldHockeyPenalty,25,1,0.927038626609442,233
FloorGymnastics,25,1,0.6064516129032258,310
FrisbeeCatch,25,1,0.68,175
FrontCrawl,25,1,0.974937343358396,399
GolfSwing,25,1,0.9352331606217616,386
Haircut,25,1,0.8219895287958116,382
HammerThrow,25,1,0.7146067415730337,445
Hammering,25,1,0.9633333333333334,300
HandstandPushups,25,1,0.8057851239669421,242
HandstandWalking,25,1,0.765625,320
HeadMassage,25,1,0.8886509635974305,467
HighJump,25,1,0.4651162790697674,215
HorseRace,25,1,0.8156521739130435,575
HorseRiding,25,1,0.9063063063063064,555
HulaHoop,25,1,0.7319587628865979,194
IceDancing,25,1,0.580110497237569,724
JavelinThrow,25,1,0.5359116022099447,181
JugglingBalls,25,1,0.7861060329067642,547
JumpRope,25,1,0.6309623430962343,1195
JumpingJack,25,1,0.112781954887218,133
Kayaking,25,1,0.7716535433070866,508
Knitting,25,1,0.943355119825708,459
LongJump,25,1,0.5,288
Lunges,25,1,0.301707779886148,527
MilitaryParade,25,1,0.8790322580645161,248
Mixing,25,1,0.9809160305343512,262
MoppingFloor,25,1,0.5025,400
Nunchucks,25,1,0.6630630630630631,555
ParallelBars,25,1,0.7211895910780669,269
PizzaTossing,25,1,0.4684684684684684,222
PlayingCello,25,1,0.9792592592592592,675
PlayingDaf,25,1,0.926980198019802,808
PlayingDhol,25,1,0.986425339366516,884
PlayingFlute,25,1,0.974934036939314,758
PlayingGuitar,25,1,0.992462311557789,796
PlayingPiano,25,1,0.9785714285714284,420
PlayingSitar,25,1,0.9971590909090908,1056
PlayingTabla,25,1,0.9835466179159048,547
PlayingViolin,25,1,0.9335443037974684,316
PoleVault,25,1,0.633177570093458,428
PommelHorse,25,1,0.6556122448979592,784
PullUps,25,1,0.5669642857142857,224
Punch,25,1,0.9123222748815166,844
PushUps,25,1,0.7967479674796748,123
Rafting,25,1,0.5833333333333334,372
RockClimbingIndoor,25,1,0.9100580270793036,1034
RopeClimbing,25,1,0.5527065527065527,351
Rowing,25,1,0.7607142857142857,840
SalsaSpin,25,1,0.6303939962476548,533
ShavingBeard,25,1,0.8835403726708074,644
Shotput,25,1,0.8297872340425532,188
SkateBoarding,25,1,0.8613138686131386,274
Skiing,25,1,0.8049242424242424,528
Skijet,25,1,0.8110599078341014,434
SkyDiving,25,1,0.8489010989010989,364
SoccerJuggling,25,1,0.4975186104218362,806
SoccerPenalty,25,1,0.9894179894179894,189
StillRings,25,1,0.8156424581005587,358
SumoWrestling,25,1,0.9604938271604938,405
Surfing,25,1,0.8295964125560538,446
Swing,25,1,0.715,400
TableTennisShot,25,1,0.6987654320987654,405
TaiChi,25,1,0.8158730158730159,315
TennisSwing,25,1,0.5227272727272727,440
ThrowDiscus,25,1,0.3085106382978723,188
TrampolineJumping,25,1,0.5801354401805869,443
Typing,25,1,0.9877551020408164,490
UnevenBars,25,1,0.445692883895131,267
VolleyballSpiking,25,1,0.5518867924528302,212
WalkingWithDog,25,1,0.6937901498929336,467
WallPushups,25,1,0.9615384615384616,234
WritingOnBoard,25,1,0.9929078014184396,423
YoYo,25,1,0.6641414141414141,396
ApplyEyeMakeup,50,1,0.9491525423728814,413
ApplyLipstick,50,1,0.9736842105263158,342
Archery,50,1,0.9502487562189056,402
BabyCrawling,50,1,0.9732620320855616,374
BalanceBeam,50,1,0.7962085308056872,211
BandMarching,50,1,0.8539130434782609,575
BaseballPitch,50,1,0.8354978354978355,231
Basketball,50,1,0.8469055374592834,307
BasketballDunk,50,1,0.965034965034965,143
BenchPress,50,1,0.9967105263157896,304
Biking,50,1,0.9706422018348624,545
Billiards,50,1,0.9897039897039897,777
BlowDryHair,50,1,0.901669758812616,539
BlowingCandles,50,1,0.9832402234636872,179
BodyWeightSquats,50,1,0.7427385892116183,241
Bowling,50,1,0.9807692307692308,312
BoxingPunchingBag,50,1,0.9764492753623188,552
BoxingSpeedBag,50,1,0.9912280701754386,570
BreastStroke,50,1,0.9337539432176656,317
BrushingTeeth,50,1,0.8246205733558178,593
CleanAndJerk,50,1,0.9293478260869564,368
CliffDiving,50,1,0.847953216374269,171
CricketBowling,50,1,0.9558823529411764,204
CricketShot,50,1,0.8347457627118644,236
CuttingInKitchen,50,1,0.9876160990712074,323
Diving,50,1,0.9537444933920703,454
Drumming,50,1,0.986970684039088,921
Fencing,50,1,0.9478260869565216,230
FieldHockeyPenalty,50,1,0.9570815450643776,233
FloorGymnastics,50,1,0.7322580645161291,310
FrisbeeCatch,50,1,0.7428571428571429,175
FrontCrawl,50,1,0.9598997493734336,399
GolfSwing,50,1,0.9792746113989638,386
Haircut,50,1,0.8298429319371727,382
HammerThrow,50,1,0.8269662921348314,445
Hammering,50,1,0.97,300
HandstandPushups,50,1,0.9793388429752066,242
HandstandWalking,50,1,0.865625,320
HeadMassage,50,1,0.9678800856531048,467
HighJump,50,1,0.227906976744186,215
HorseRace,50,1,0.8660869565217392,575
HorseRiding,50,1,0.9585585585585584,555
HulaHoop,50,1,0.9484536082474226,194
IceDancing,50,1,0.8784530386740331,724
JavelinThrow,50,1,0.7790055248618785,181
JugglingBalls,50,1,0.9542961608775136,547
JumpRope,50,1,0.8351464435146444,1195
JumpingJack,50,1,0.8796992481203008,133
Kayaking,50,1,0.8779527559055118,508
Knitting,50,1,0.9869281045751634,459
LongJump,50,1,0.1909722222222222,288
Lunges,50,1,0.6869070208728653,527
MilitaryParade,50,1,0.935483870967742,248
Mixing,50,1,0.9732824427480916,262
MoppingFloor,50,1,0.795,400
Nunchucks,50,1,0.6144144144144145,555
ParallelBars,50,1,0.7881040892193308,269
PizzaTossing,50,1,0.9144144144144144,222
PlayingCello,50,1,0.9911111111111112,675
PlayingDaf,50,1,0.9777227722772276,808
PlayingDhol,50,1,0.997737556561086,884
PlayingFlute,50,1,0.9775725593667546,758
PlayingGuitar,50,1,1.0,796
PlayingPiano,50,1,0.9928571428571428,420
PlayingSitar,50,1,0.9990530303030304,1056
PlayingTabla,50,1,0.9963436928702012,547
PlayingViolin,50,1,0.9968354430379748,316
PoleVault,50,1,0.6191588785046729,428
PommelHorse,50,1,0.9553571428571428,784
PullUps,50,1,0.8616071428571429,224
Punch,50,1,0.9478672985781992,844
PushUps,50,1,0.934959349593496,123
Rafting,50,1,0.6854838709677419,372
RockClimbingIndoor,50,1,0.9487427466150872,1034
RopeClimbing,50,1,0.8888888888888888,351
Rowing,50,1,0.9357142857142856,840
SalsaSpin,50,1,0.851782363977486,533
ShavingBeard,50,1,0.9487577639751552,644
Shotput,50,1,0.8563829787234043,188
SkateBoarding,50,1,0.9233576642335768,274
Skiing,50,1,0.8882575757575758,528
Skijet,50,1,0.7327188940092166,434
SkyDiving,50,1,0.9423076923076924,364
SoccerJuggling,50,1,0.792803970223325,806
SoccerPenalty,50,1,1.0,189
StillRings,50,1,0.8743016759776536,358
SumoWrestling,50,1,0.9777777777777776,405
Surfing,50,1,0.8116591928251121,446
Swing,50,1,0.965,400
TableTennisShot,50,1,0.9728395061728397,405
TaiChi,50,1,0.9428571428571428,315
TennisSwing,50,1,0.8977272727272727,440
ThrowDiscus,50,1,0.776595744680851,188
TrampolineJumping,50,1,0.945823927765237,443
Typing,50,1,0.9918367346938776,490
UnevenBars,50,1,0.7303370786516854,267
VolleyballSpiking,50,1,0.8820754716981132,212
WalkingWithDog,50,1,0.9014989293361884,467
WallPushups,50,1,0.9658119658119658,234
WritingOnBoard,50,1,0.9952718676122932,423
YoYo,50,1,0.8863636363636364,396
ApplyEyeMakeup,75,1,0.9443099273607748,413
ApplyLipstick,75,1,0.9736842105263158,342
Archery,75,1,0.9751243781094528,402
BabyCrawling,75,1,0.9893048128342246,374
BalanceBeam,75,1,0.8341232227488151,211
BandMarching,75,1,0.84,575
BaseballPitch,75,1,0.8874458874458875,231
Basketball,75,1,0.9120521172638436,307
BasketballDunk,75,1,0.9790209790209792,143
BenchPress,75,1,1.0,304
Biking,75,1,0.9871559633027523,545
Billiards,75,1,0.990990990990991,777
BlowDryHair,75,1,0.8979591836734694,539
BlowingCandles,75,1,0.994413407821229,179
BodyWeightSquats,75,1,0.9004149377593361,241
Bowling,75,1,0.9871794871794872,312
BoxingPunchingBag,75,1,0.9909420289855072,552
BoxingSpeedBag,75,1,0.9982456140350876,570
BreastStroke,75,1,0.9558359621451104,317
BrushingTeeth,75,1,0.821247892074199,593
CleanAndJerk,75,1,0.967391304347826,368
CliffDiving,75,1,0.9005847953216374,171
CricketBowling,75,1,0.9509803921568628,204
CricketShot,75,1,0.9194915254237288,236
CuttingInKitchen,75,1,0.9876160990712074,323
Diving,75,1,0.960352422907489,454
Drumming,75,1,0.993485342019544,921
Fencing,75,1,0.9782608695652174,230
FieldHockeyPenalty,75,1,0.9828326180257512,233
FloorGymnastics,75,1,0.7967741935483871,310
FrisbeeCatch,75,1,0.8742857142857143,175
FrontCrawl,75,1,0.9724310776942356,399
GolfSwing,75,1,0.9948186528497408,386
Haircut,75,1,0.887434554973822,382
HammerThrow,75,1,0.8853932584269663,445
Hammering,75,1,0.96,300
HandstandPushups,75,1,0.9958677685950412,242
HandstandWalking,75,1,0.903125,320
HeadMassage,75,1,0.9635974304068522,467
HighJump,75,1,0.3627906976744186,215
HorseRace,75,1,0.9147826086956522,575
HorseRiding,75,1,0.981981981981982,555
HulaHoop,75,1,0.979381443298969,194
IceDancing,75,1,0.9323204419889504,724
JavelinThrow,75,1,0.9060773480662984,181
JugglingBalls,75,1,0.9744058500914076,547
JumpRope,75,1,0.8811715481171548,1195
JumpingJack,75,1,0.9548872180451128,133
Kayaking,75,1,0.9409448818897638,508
Knitting,75,1,0.9934640522875816,459
LongJump,75,1,0.2604166666666667,288
Lunges,75,1,0.8538899430740038,527
MilitaryParade,75,1,0.9717741935483872,248
Mixing,75,1,0.9847328244274808,262
MoppingFloor,75,1,0.8725,400
Nunchucks,75,1,0.6432432432432432,555
ParallelBars,75,1,0.8475836431226765,269
PizzaTossing,75,1,0.945945945945946,222
PlayingCello,75,1,0.9955555555555556,675
PlayingDaf,75,1,0.9876237623762376,808
PlayingDhol,75,1,0.998868778280543,884
PlayingFlute,75,1,0.9815303430079156,758
PlayingGuitar,75,1,0.9987437185929648,796
PlayingPiano,75,1,0.9928571428571428,420
PlayingSitar,75,1,1.0,1056
PlayingTabla,75,1,0.9890310786106032,547
PlayingViolin,75,1,0.9968354430379748,316
PoleVault,75,1,0.6752336448598131,428
PommelHorse,75,1,0.9872448979591836,784
PullUps,75,1,0.9464285714285714,224
Punch,75,1,0.9609004739336492,844
PushUps,75,1,0.991869918699187,123
Rafting,75,1,0.6935483870967742,372
RockClimbingIndoor,75,1,0.95357833655706,1034
RopeClimbing,75,1,0.9487179487179488,351
Rowing,75,1,0.9678571428571427,840
SalsaSpin,75,1,0.953095684803002,533
ShavingBeard,75,1,0.9394409937888198,644
Shotput,75,1,0.7712765957446809,188
SkateBoarding,75,1,0.9416058394160584,274
Skiing,75,1,0.9071969696969696,528
Skijet,75,1,0.7534562211981567,434
SkyDiving,75,1,0.967032967032967,364
SoccerJuggling,75,1,0.901985111662531,806
SoccerPenalty,75,1,1.0,189
StillRings,75,1,0.8603351955307262,358
SumoWrestling,75,1,0.9728395061728397,405
Surfing,75,1,0.8228699551569507,446
Swing,75,1,0.9925,400
TableTennisShot,75,1,0.9925925925925926,405
TaiChi,75,1,0.9650793650793652,315
TennisSwing,75,1,0.9613636363636364,440
ThrowDiscus,75,1,0.898936170212766,188
TrampolineJumping,75,1,0.979683972911964,443
Typing,75,1,0.9959183673469388,490
UnevenBars,75,1,0.8089887640449438,267
VolleyballSpiking,75,1,0.9481132075471698,212
WalkingWithDog,75,1,0.9528907922912204,467
WallPushups,75,1,0.9786324786324786,234
WritingOnBoard,75,1,1.0,423
YoYo,75,1,0.9722222222222222,396
ApplyEyeMakeup,100,1,0.9515738498789348,413
ApplyLipstick,100,1,0.9883040935672516,342
Archery,100,1,0.9800995024875622,402
BabyCrawling,100,1,0.9893048128342246,374
BalanceBeam,100,1,0.8767772511848341,211
BandMarching,100,1,0.8452173913043478,575
BaseballPitch,100,1,0.9393939393939394,231
Basketball,100,1,0.9381107491856676,307
BasketballDunk,100,1,0.965034965034965,143
BenchPress,100,1,1.0,304
Biking,100,1,0.9853211009174312,545
Billiards,100,1,0.9922779922779924,777
BlowDryHair,100,1,0.9165120593692022,539
BlowingCandles,100,1,0.988826815642458,179
BodyWeightSquats,100,1,0.950207468879668,241
Bowling,100,1,0.9871794871794872,312
BoxingPunchingBag,100,1,0.9963768115942028,552
BoxingSpeedBag,100,1,1.0,570
BreastStroke,100,1,0.9716088328075708,317
BrushingTeeth,100,1,0.8566610455311973,593
CleanAndJerk,100,1,0.9728260869565216,368
CliffDiving,100,1,0.953216374269006,171
CricketBowling,100,1,0.9754901960784312,204
CricketShot,100,1,0.9279661016949152,236
CuttingInKitchen,100,1,0.9845201238390092,323
Diving,100,1,0.9581497797356828,454
Drumming,100,1,0.996742671009772,921
Fencing,100,1,0.9956521739130436,230
FieldHockeyPenalty,100,1,0.9742489270386266,233
FloorGymnastics,100,1,0.8451612903225807,310
FrisbeeCatch,100,1,0.9485714285714286,175
FrontCrawl,100,1,0.9824561403508772,399
GolfSwing,100,1,0.9922279792746114,386
Haircut,100,1,0.8691099476439791,382
HammerThrow,100,1,0.9191011235955056,445
Hammering,100,1,0.9733333333333334,300
HandstandPushups,100,1,0.9958677685950412,242
HandstandWalking,100,1,0.896875,320
HeadMassage,100,1,0.9764453961456104,467
HighJump,100,1,0.5441860465116279,215
HorseRace,100,1,0.951304347826087,575
HorseRiding,100,1,0.9855855855855856,555
HulaHoop,100,1,0.9896907216494846,194
IceDancing,100,1,0.951657458563536,724
JavelinThrow,100,1,0.9005524861878453,181
JugglingBalls,100,1,0.9835466179159048,547
JumpRope,100,1,0.897071129707113,1195
JumpingJack,100,1,0.9924812030075189,133
Kayaking,100,1,0.966535433070866,508
Knitting,100,1,0.9956427015250544,459
LongJump,100,1,0.3680555555555556,288
Lunges,100,1,0.9089184060721064,527
MilitaryParade,100,1,0.9879032258064516,248
Mixing,100,1,0.9885496183206108,262
MoppingFloor,100,1,0.91,400
Nunchucks,100,1,0.7045045045045045,555
ParallelBars,100,1,0.8401486988847584,269
PizzaTossing,100,1,0.9369369369369368,222
PlayingCello,100,1,0.9985185185185184,675
PlayingDaf,100,1,0.988861386138614,808
PlayingDhol,100,1,0.998868778280543,884
PlayingFlute,100,1,0.982849604221636,758
PlayingGuitar,100,1,1.0,796
PlayingPiano,100,1,0.9976190476190476,420
PlayingSitar,100,1,1.0,1056
PlayingTabla,100,1,0.9945155393053016,547
PlayingViolin,100,1,0.9936708860759492,316
PoleVault,100,1,0.7172897196261683,428
PommelHorse,100,1,0.9910714285714286,784
PullUps,100,1,0.96875,224
Punch,100,1,0.9786729857819904,844
PushUps,100,1,1.0,123
Rafting,100,1,0.6935483870967742,372
RockClimbingIndoor,100,1,0.95357833655706,1034
RopeClimbing,100,1,0.9743589743589745,351
Rowing,100,1,0.9761904761904762,840
SalsaSpin,100,1,0.9812382739212008,533
ShavingBeard,100,1,0.9611801242236024,644
Shotput,100,1,0.7606382978723404,188
SkateBoarding,100,1,0.9671532846715328,274
Skiing,100,1,0.9431818181818182,528
Skijet,100,1,0.8179723502304147,434
SkyDiving,100,1,0.9587912087912088,364
SoccerJuggling,100,1,0.9441687344913152,806
SoccerPenalty,100,1,0.9947089947089948,189
StillRings,100,1,0.88268156424581,358
SumoWrestling,100,1,0.9925925925925926,405
Surfing,100,1,0.852017937219731,446
Swing,100,1,0.9925,400
TableTennisShot,100,1,0.9901234567901236,405
TaiChi,100,1,0.9809523809523808,315
TennisSwing,100,1,0.968181818181818,440
ThrowDiscus,100,1,0.925531914893617,188
TrampolineJumping,100,1,0.9887133182844244,443
Typing,100,1,0.9938775510204082,490
UnevenBars,100,1,0.8876404494382022,267
VolleyballSpiking,100,1,0.9622641509433962,212
WalkingWithDog,100,1,0.9571734475374732,467
WallPushups,100,1,0.9871794871794872,234
WritingOnBoard,100,1,0.9976359338061466,423
YoYo,100,1,0.9823232323232324,396
ApplyEyeMakeup,10,2,0.9322033898305084,413
ApplyLipstick,10,2,0.9912280701754386,342
Archery,10,2,0.8258706467661692,402
BabyCrawling,10,2,0.8582887700534759,374
BalanceBeam,10,2,0.6445497630331753,211
BandMarching,10,2,0.7478260869565218,575
BaseballPitch,10,2,0.683982683982684,231
Basketball,10,2,0.3550488599348534,307
BasketballDunk,10,2,0.951048951048951,143
BenchPress,10,2,0.7598684210526315,304
Biking,10,2,0.7706422018348624,545
Billiards,10,2,0.9575289575289576,777
BlowDryHair,10,2,0.8051948051948052,539
BlowingCandles,10,2,0.9441340782122905,179
BodyWeightSquats,10,2,0.0788381742738589,241
Bowling,10,2,0.9615384615384616,312
BoxingPunchingBag,10,2,0.6159420289855072,552
BoxingSpeedBag,10,2,0.5508771929824562,570
BreastStroke,10,2,0.6277602523659306,317
BrushingTeeth,10,2,0.8077571669477235,593
CleanAndJerk,10,2,0.592391304347826,368
CliffDiving,10,2,0.3742690058479532,171
CricketBowling,10,2,0.9411764705882352,204
CricketShot,10,2,0.7669491525423728,236
CuttingInKitchen,10,2,0.9876160990712074,323
Diving,10,2,0.8590308370044053,454
Drumming,10,2,0.758957654723127,921
Fencing,10,2,0.5304347826086957,230
FieldHockeyPenalty,10,2,0.9484978540772532,233
FloorGymnastics,10,2,0.6225806451612903,310
FrisbeeCatch,10,2,0.4914285714285714,175
FrontCrawl,10,2,0.9598997493734336,399
GolfSwing,10,2,0.9430051813471504,386
Haircut,10,2,0.8115183246073299,382
HammerThrow,10,2,0.6112359550561798,445
Hammering,10,2,0.9466666666666668,300
HandstandPushups,10,2,0.8099173553719008,242
HandstandWalking,10,2,0.68125,320
HeadMassage,10,2,0.8865096359743041,467
HighJump,10,2,0.2372093023255814,215
HorseRace,10,2,0.6834782608695652,575
HorseRiding,10,2,0.863063063063063,555
HulaHoop,10,2,0.4845360824742268,194
IceDancing,10,2,0.5580110497237569,724
JavelinThrow,10,2,0.2541436464088398,181
JugglingBalls,10,2,0.5813528336380256,547
JumpRope,10,2,0.4686192468619247,1195
JumpingJack,10,2,0.1729323308270676,133
Kayaking,10,2,0.5393700787401575,508
Knitting,10,2,0.9193899782135077,459
LongJump,10,2,0.5,288
Lunges,10,2,0.2599620493358633,527
MilitaryParade,10,2,0.9112903225806452,248
Mixing,10,2,0.9427480916030534,262
MoppingFloor,10,2,0.4375,400
Nunchucks,10,2,0.5513513513513514,555
ParallelBars,10,2,0.7323420074349443,269
PizzaTossing,10,2,0.2297297297297297,222
PlayingCello,10,2,0.9688888888888888,675
PlayingDaf,10,2,0.8886138613861386,808
PlayingDhol,10,2,0.9626696832579186,884
PlayingFlute,10,2,0.9709762532981532,758
PlayingGuitar,10,2,0.9886934673366834,796
PlayingPiano,10,2,0.9761904761904762,420
PlayingSitar,10,2,0.9933712121212122,1056
PlayingTabla,10,2,0.9945155393053016,547
PlayingViolin,10,2,0.9208860759493672,316
PoleVault,10,2,0.4299065420560747,428
PommelHorse,10,2,0.5216836734693877,784
PullUps,10,2,0.4464285714285714,224
Punch,10,2,0.9218009478672986,844
PushUps,10,2,0.7804878048780488,123
Rafting,10,2,0.4677419354838709,372
RockClimbingIndoor,10,2,0.8733075435203095,1034
RopeClimbing,10,2,0.3988603988603988,351
Rowing,10,2,0.5535714285714286,840
SalsaSpin,10,2,0.5478424015009381,533
ShavingBeard,10,2,0.8835403726708074,644
Shotput,10,2,0.7819148936170213,188
SkateBoarding,10,2,0.5583941605839416,274
Skiing,10,2,0.6856060606060606,528
Skijet,10,2,0.8433179723502304,434
SkyDiving,10,2,0.7939560439560439,364
SoccerJuggling,10,2,0.3870967741935484,806
SoccerPenalty,10,2,0.9788359788359788,189
StillRings,10,2,0.7905027932960894,358
SumoWrestling,10,2,0.925925925925926,405
Surfing,10,2,0.7286995515695067,446
Swing,10,2,0.51,400
TableTennisShot,10,2,0.6246913580246913,405
TaiChi,10,2,0.7619047619047619,315
TennisSwing,10,2,0.4318181818181818,440
ThrowDiscus,10,2,0.2074468085106383,188
TrampolineJumping,10,2,0.4469525959367946,443
Typing,10,2,0.9918367346938776,490
UnevenBars,10,2,0.3558052434456928,267
VolleyballSpiking,10,2,0.4622641509433962,212
WalkingWithDog,10,2,0.5481798715203426,467
WallPushups,10,2,0.9615384615384616,234
WritingOnBoard,10,2,0.9976359338061466,423
YoYo,10,2,0.4217171717171717,396
ApplyEyeMakeup,25,2,0.9661016949152542,413
ApplyLipstick,25,2,0.9941520467836256,342
Archery,25,2,0.927860696517413,402
BabyCrawling,25,2,0.9197860962566844,374
BalanceBeam,25,2,0.7393364928909952,211
BandMarching,25,2,0.8904347826086957,575
BaseballPitch,25,2,0.7619047619047619,231
Basketball,25,2,0.5602605863192183,307
BasketballDunk,25,2,0.993006993006993,143
BenchPress,25,2,0.9572368421052632,304
Biking,25,2,0.9376146788990826,545
Billiards,25,2,0.9691119691119692,777
BlowDryHair,25,2,0.9239332096474954,539
BlowingCandles,25,2,0.9664804469273744,179
BodyWeightSquats,25,2,0.3029045643153527,241
Bowling,25,2,0.9775641025641024,312
BoxingPunchingBag,25,2,0.9003623188405797,552
BoxingSpeedBag,25,2,0.8035087719298246,570
BreastStroke,25,2,0.8012618296529969,317
BrushingTeeth,25,2,0.821247892074199,593
CleanAndJerk,25,2,0.8152173913043478,368
CliffDiving,25,2,0.6432748538011696,171
CricketBowling,25,2,0.931372549019608,204
CricketShot,25,2,0.8305084745762712,236
CuttingInKitchen,25,2,0.9969040247678018,323
Diving,25,2,0.933920704845815,454
Drumming,25,2,0.8903365906623235,921
Fencing,25,2,0.8347826086956521,230
FieldHockeyPenalty,25,2,0.9356223175965666,233
FloorGymnastics,25,2,0.5774193548387097,310
FrisbeeCatch,25,2,0.6685714285714286,175
FrontCrawl,25,2,0.974937343358396,399
GolfSwing,25,2,0.932642487046632,386
Haircut,25,2,0.8534031413612565,382
HammerThrow,25,2,0.7865168539325843,445
Hammering,25,2,0.9733333333333334,300
HandstandPushups,25,2,0.9008264462809916,242
HandstandWalking,25,2,0.825,320
HeadMassage,25,2,0.9293361884368307,467
HighJump,25,2,0.3348837209302325,215
HorseRace,25,2,0.8208695652173913,575
HorseRiding,25,2,0.9369369369369368,555
HulaHoop,25,2,0.7835051546391752,194
IceDancing,25,2,0.7734806629834254,724
JavelinThrow,25,2,0.580110497237569,181
JugglingBalls,25,2,0.8592321755027422,547
JumpRope,25,2,0.799163179916318,1195
JumpingJack,25,2,0.631578947368421,133
Kayaking,25,2,0.7913385826771654,508
Knitting,25,2,0.982570806100218,459
LongJump,25,2,0.4548611111111111,288
Lunges,25,2,0.4592030360531309,527
MilitaryParade,25,2,0.8709677419354839,248
Mixing,25,2,0.9809160305343512,262
MoppingFloor,25,2,0.595,400
Nunchucks,25,2,0.6990990990990991,555
ParallelBars,25,2,0.7695167286245354,269
PizzaTossing,25,2,0.5405405405405406,222
PlayingCello,25,2,0.988148148148148,675
PlayingDaf,25,2,0.9641089108910892,808
PlayingDhol,25,2,0.9898190045248868,884
PlayingFlute,25,2,0.9722955145118732,758
PlayingGuitar,25,2,0.9987437185929648,796
PlayingPiano,25,2,0.988095238095238,420
PlayingSitar,25,2,1.0,1056
PlayingTabla,25,2,0.9890310786106032,547
PlayingViolin,25,2,0.9462025316455696,316
PoleVault,25,2,0.5794392523364486,428
PommelHorse,25,2,0.7908163265306123,784
PullUps,25,2,0.7008928571428571,224
Punch,25,2,0.9549763033175356,844
PushUps,25,2,0.8211382113821138,123
Rafting,25,2,0.7150537634408602,372
RockClimbingIndoor,25,2,0.9110251450676984,1034
RopeClimbing,25,2,0.6353276353276354,351
Rowing,25,2,0.861904761904762,840
SalsaSpin,25,2,0.7335834896810507,533
ShavingBeard,25,2,0.8913043478260869,644
Shotput,25,2,0.8351063829787234,188
SkateBoarding,25,2,0.8868613138686131,274
Skiing,25,2,0.7840909090909091,528
Skijet,25,2,0.8709677419354839,434
SkyDiving,25,2,0.8846153846153846,364
SoccerJuggling,25,2,0.6166253101736973,806
SoccerPenalty,25,2,0.984126984126984,189
StillRings,25,2,0.8519553072625698,358
SumoWrestling,25,2,0.9753086419753086,405
Surfing,25,2,0.8004484304932735,446
Swing,25,2,0.8325,400
TableTennisShot,25,2,0.8419753086419753,405
TaiChi,25,2,0.8031746031746032,315
TennisSwing,25,2,0.5772727272727273,440
ThrowDiscus,25,2,0.4468085106382978,188
TrampolineJumping,25,2,0.7923250564334086,443
Typing,25,2,0.9918367346938776,490
UnevenBars,25,2,0.4681647940074906,267
VolleyballSpiking,25,2,0.6981132075471698,212
WalkingWithDog,25,2,0.7408993576017131,467
WallPushups,25,2,0.9572649572649572,234
WritingOnBoard,25,2,0.9976359338061466,423
YoYo,25,2,0.7045454545454546,396
ApplyEyeMakeup,50,2,0.9322033898305084,413
ApplyLipstick,50,2,0.9649122807017544,342
Archery,50,2,0.8955223880597015,402
BabyCrawling,50,2,0.927807486631016,374
BalanceBeam,50,2,0.7440758293838863,211
BandMarching,50,2,0.8208695652173913,575
BaseballPitch,50,2,0.7922077922077922,231
Basketball,50,2,0.7719869706840391,307
BasketballDunk,50,2,0.986013986013986,143
BenchPress,50,2,0.9539473684210528,304
Biking,50,2,0.910091743119266,545
Billiards,50,2,0.9755469755469756,777
BlowDryHair,50,2,0.8998144712430427,539
BlowingCandles,50,2,0.9720670391061452,179
BodyWeightSquats,50,2,0.2240663900414937,241
Bowling,50,2,0.967948717948718,312
BoxingPunchingBag,50,2,0.8677536231884058,552
BoxingSpeedBag,50,2,0.8087719298245614,570
BreastStroke,50,2,0.7192429022082019,317
BrushingTeeth,50,2,0.8263069139966274,593
CleanAndJerk,50,2,0.782608695652174,368
CliffDiving,50,2,0.6900584795321637,171
CricketBowling,50,2,0.9411764705882352,204
CricketShot,50,2,0.690677966101695,236
CuttingInKitchen,50,2,0.9504643962848296,323
Diving,50,2,0.9361233480176212,454
Drumming,50,2,0.9218241042345277,921
Fencing,50,2,0.8913043478260869,230
FieldHockeyPenalty,50,2,0.9356223175965666,233
FloorGymnastics,50,2,0.5838709677419355,310
FrisbeeCatch,50,2,0.6628571428571428,175
FrontCrawl,50,2,0.974937343358396,399
GolfSwing,50,2,0.9637305699481864,386
Haircut,50,2,0.7931937172774869,382
HammerThrow,50,2,0.797752808988764,445
Hammering,50,2,0.9666666666666668,300
HandstandPushups,50,2,0.7768595041322314,242
HandstandWalking,50,2,0.828125,320
HeadMassage,50,2,0.9143468950749464,467
HighJump,50,2,0.5209302325581395,215
HorseRace,50,2,0.8382608695652174,575
HorseRiding,50,2,0.90990990990991,555
HulaHoop,50,2,0.8814432989690721,194
IceDancing,50,2,0.5939226519337016,724
JavelinThrow,50,2,0.6132596685082873,181
JugglingBalls,50,2,0.870201096892139,547
JumpRope,50,2,0.8108786610878661,1195
JumpingJack,50,2,0.4210526315789473,133
Kayaking,50,2,0.7480314960629921,508
Knitting,50,2,0.9389978213507624,459
LongJump,50,2,0.4444444444444444,288
Lunges,50,2,0.3946869070208729,527
MilitaryParade,50,2,0.9153225806451613,248
Mixing,50,2,0.9809160305343512,262
MoppingFloor,50,2,0.5525,400
Nunchucks,50,2,0.7477477477477478,555
ParallelBars,50,2,0.7360594795539034,269
PizzaTossing,50,2,0.6126126126126126,222
PlayingCello,50,2,0.9925925925925926,675
PlayingDaf,50,2,0.9232673267326732,808
PlayingDhol,50,2,0.996606334841629,884
PlayingFlute,50,2,0.9696569920844328,758
PlayingGuitar,50,2,0.9962311557788944,796
PlayingPiano,50,2,0.9785714285714284,420
PlayingSitar,50,2,0.9971590909090908,1056
PlayingTabla,50,2,0.9890310786106032,547
PlayingViolin,50,2,0.9525316455696202,316
PoleVault,50,2,0.5981308411214953,428
PommelHorse,50,2,0.8864795918367347,784
PullUps,50,2,0.7410714285714286,224
Punch,50,2,0.9300947867298578,844
PushUps,50,2,0.8780487804878049,123
Rafting,50,2,0.5080645161290323,372
RockClimbingIndoor,50,2,0.9177949709864603,1034
RopeClimbing,50,2,0.7065527065527065,351
Rowing,50,2,0.7904761904761904,840
SalsaSpin,50,2,0.7185741088180112,533
ShavingBeard,50,2,0.8773291925465838,644
Shotput,50,2,0.8563829787234043,188
SkateBoarding,50,2,0.8978102189781022,274
Skiing,50,2,0.8503787878787878,528
Skijet,50,2,0.7764976958525346,434
SkyDiving,50,2,0.8543956043956044,364
SoccerJuggling,50,2,0.7344913151364765,806
SoccerPenalty,50,2,1.0,189
StillRings,50,2,0.8240223463687151,358
SumoWrestling,50,2,0.9703703703703704,405
Surfing,50,2,0.7623318385650224,446
Swing,50,2,0.8575,400
TableTennisShot,50,2,0.782716049382716,405
TaiChi,50,2,0.8793650793650793,315
TennisSwing,50,2,0.7386363636363636,440
ThrowDiscus,50,2,0.4787234042553192,188
TrampolineJumping,50,2,0.7697516930022573,443
Typing,50,2,0.9673469387755104,490
UnevenBars,50,2,0.6067415730337079,267
VolleyballSpiking,50,2,0.6792452830188679,212
WalkingWithDog,50,2,0.7580299785867237,467
WallPushups,50,2,0.9444444444444444,234
WritingOnBoard,50,2,0.9881796690307328,423
YoYo,50,2,0.8535353535353535,396
ApplyEyeMakeup,75,2,0.946731234866828,413
ApplyLipstick,75,2,0.9736842105263158,342
Archery,75,2,0.9800995024875622,402
BabyCrawling,75,2,0.983957219251337,374
BalanceBeam,75,2,0.8436018957345972,211
BandMarching,75,2,0.8365217391304348,575
BaseballPitch,75,2,0.8961038961038961,231
Basketball,75,2,0.9120521172638436,307
BasketballDunk,75,2,0.972027972027972,143
BenchPress,75,2,1.0,304
Biking,75,2,0.9871559633027523,545
Billiards,75,2,0.9897039897039897,777
BlowDryHair,75,2,0.9053803339517624,539
BlowingCandles,75,2,0.994413407821229,179
BodyWeightSquats,75,2,0.8962655601659751,241
Bowling,75,2,0.9871794871794872,312
BoxingPunchingBag,75,2,0.9927536231884058,552
BoxingSpeedBag,75,2,1.0,570
BreastStroke,75,2,0.946372239747634,317
BrushingTeeth,75,2,0.8330522765598651,593
CleanAndJerk,75,2,0.9619565217391304,368
CliffDiving,75,2,0.9005847953216374,171
CricketBowling,75,2,0.9558823529411764,204
CricketShot,75,2,0.8940677966101694,236
CuttingInKitchen,75,2,0.9938080495356038,323
Diving,75,2,0.9625550660792952,454
Drumming,75,2,0.993485342019544,921
Fencing,75,2,0.982608695652174,230
FieldHockeyPenalty,75,2,0.9871244635193132,233
FloorGymnastics,75,2,0.7870967741935484,310
FrisbeeCatch,75,2,0.84,175
FrontCrawl,75,2,0.9774436090225564,399
GolfSwing,75,2,0.9922279792746114,386
Haircut,75,2,0.8743455497382199,382
HammerThrow,75,2,0.8943820224719101,445
Hammering,75,2,0.97,300
HandstandPushups,75,2,0.987603305785124,242
HandstandWalking,75,2,0.9,320
HeadMassage,75,2,0.9678800856531048,467
HighJump,75,2,0.3720930232558139,215
HorseRace,75,2,0.9060869565217392,575
HorseRiding,75,2,0.9801801801801802,555
HulaHoop,75,2,0.979381443298969,194
IceDancing,75,2,0.9267955801104972,724
JavelinThrow,75,2,0.8729281767955801,181
JugglingBalls,75,2,0.9744058500914076,547
JumpRope,75,2,0.8635983263598327,1195
JumpingJack,75,2,0.9473684210526316,133
Kayaking,75,2,0.9311023622047244,508
Knitting,75,2,0.9956427015250544,459
LongJump,75,2,0.2673611111111111,288
Lunges,75,2,0.8652751423149905,527
MilitaryParade,75,2,0.9637096774193548,248
Mixing,75,2,0.9732824427480916,262
MoppingFloor,75,2,0.8675,400
Nunchucks,75,2,0.6306306306306306,555
ParallelBars,75,2,0.8513011152416357,269
PizzaTossing,75,2,0.9144144144144144,222
PlayingCello,75,2,0.9955555555555556,675
PlayingDaf,75,2,0.988861386138614,808
PlayingDhol,75,2,0.998868778280543,884
PlayingFlute,75,2,0.9802110817941952,758
PlayingGuitar,75,2,1.0,796
PlayingPiano,75,2,0.9904761904761904,420
PlayingSitar,75,2,1.0,1056
PlayingTabla,75,2,0.9908592321755028,547
PlayingViolin,75,2,0.9873417721518988,316
PoleVault,75,2,0.677570093457944,428
PommelHorse,75,2,0.9783163265306124,784
PullUps,75,2,0.9598214285714286,224
Punch,75,2,0.966824644549763,844
PushUps,75,2,0.991869918699187,123
Rafting,75,2,0.7231182795698925,372
RockClimbingIndoor,75,2,0.9448742746615088,1034
RopeClimbing,75,2,0.9316239316239316,351
Rowing,75,2,0.9678571428571427,840
SalsaSpin,75,2,0.953095684803002,533
ShavingBeard,75,2,0.9456521739130436,644
Shotput,75,2,0.7978723404255319,188
SkateBoarding,75,2,0.9452554744525548,274
Skiing,75,2,0.9090909090909092,528
Skijet,75,2,0.7672811059907834,434
SkyDiving,75,2,0.9615384615384616,364
SoccerJuggling,75,2,0.8995037220843672,806
SoccerPenalty,75,2,1.0,189
StillRings,75,2,0.8603351955307262,358
SumoWrestling,75,2,0.980246913580247,405
Surfing,75,2,0.8094170403587444,446
Swing,75,2,0.985,400
TableTennisShot,75,2,0.9901234567901236,405
TaiChi,75,2,0.9587301587301588,315
TennisSwing,75,2,0.9522727272727272,440
ThrowDiscus,75,2,0.9148936170212766,188
TrampolineJumping,75,2,0.9774266365688488,443
Typing,75,2,0.9959183673469388,490
UnevenBars,75,2,0.8014981273408239,267
VolleyballSpiking,75,2,0.9339622641509434,212
WalkingWithDog,75,2,0.9421841541755888,467
WallPushups,75,2,0.9743589743589745,234
WritingOnBoard,75,2,1.0,423
YoYo,75,2,0.952020202020202,396
ApplyEyeMakeup,100,2,0.9443099273607748,413
ApplyLipstick,100,2,0.97953216374269,342
Archery,100,2,0.9800995024875622,402
BabyCrawling,100,2,0.9893048128342246,374
BalanceBeam,100,2,0.8672985781990521,211
BandMarching,100,2,0.8347826086956521,575
BaseballPitch,100,2,0.922077922077922,231
Basketball,100,2,0.9478827361563518,307
BasketballDunk,100,2,0.965034965034965,143
BenchPress,100,2,1.0,304
Biking,100,2,0.98348623853211,545
Billiards,100,2,0.9897039897039897,777
BlowDryHair,100,2,0.9109461966604824,539
BlowingCandles,100,2,0.994413407821229,179
BodyWeightSquats,100,2,0.933609958506224,241
Bowling,100,2,0.9871794871794872,312
BoxingPunchingBag,100,2,0.9963768115942028,552
BoxingSpeedBag,100,2,1.0,570
BreastStroke,100,2,0.9621451104100948,317
BrushingTeeth,100,2,0.8549747048903878,593
CleanAndJerk,100,2,0.9592391304347826,368
CliffDiving,100,2,0.953216374269006,171
CricketBowling,100,2,0.9852941176470588,204
CricketShot,100,2,0.9322033898305084,236
CuttingInKitchen,100,2,0.9845201238390092,323
Diving,100,2,0.9669603524229076,454
Drumming,100,2,0.998914223669924,921
Fencing,100,2,0.991304347826087,230
FieldHockeyPenalty,100,2,0.9828326180257512,233
FloorGymnastics,100,2,0.8419354838709677,310
FrisbeeCatch,100,2,0.9257142857142856,175
FrontCrawl,100,2,0.9799498746867168,399
GolfSwing,100,2,0.9870466321243524,386
Haircut,100,2,0.8638743455497382,382
HammerThrow,100,2,0.907865168539326,445
Hammering,100,2,0.9766666666666668,300
HandstandPushups,100,2,0.987603305785124,242
HandstandWalking,100,2,0.915625,320
HeadMassage,100,2,0.9807280513918628,467
HighJump,100,2,0.5720930232558139,215
HorseRace,100,2,0.9391304347826088,575
HorseRiding,100,2,0.990990990990991,555
HulaHoop,100,2,0.9742268041237112,194
IceDancing,100,2,0.9461325966850828,724
JavelinThrow,100,2,0.9171270718232044,181
JugglingBalls,100,2,0.9872029250457038,547
JumpRope,100,2,0.9079497907949792,1195
JumpingJack,100,2,1.0,133
Kayaking,100,2,0.938976377952756,508
Knitting,100,2,0.9956427015250544,459
LongJump,100,2,0.3229166666666667,288
Lunges,100,2,0.8994307400379506,527
MilitaryParade,100,2,1.0,248
Mixing,100,2,0.9770992366412212,262
MoppingFloor,100,2,0.8975,400
Nunchucks,100,2,0.7153153153153153,555
ParallelBars,100,2,0.8773234200743495,269
PizzaTossing,100,2,0.918918918918919,222
PlayingCello,100,2,0.9985185185185184,675
PlayingDaf,100,2,0.9938118811881188,808
PlayingDhol,100,2,0.998868778280543,884
PlayingFlute,100,2,0.9802110817941952,758
PlayingGuitar,100,2,1.0,796
PlayingPiano,100,2,0.9976190476190476,420
PlayingSitar,100,2,1.0,1056
PlayingTabla,100,2,0.9926873857404022,547
PlayingViolin,100,2,0.9968354430379748,316
PoleVault,100,2,0.7429906542056075,428
PommelHorse,100,2,0.9936224489795918,784
PullUps,100,2,0.9598214285714286,224
Punch,100,2,0.9727488151658767,844
PushUps,100,2,1.0,123
Rafting,100,2,0.706989247311828,372
RockClimbingIndoor,100,2,0.9545454545454546,1034
RopeClimbing,100,2,0.9686609686609686,351
Rowing,100,2,0.9785714285714284,840
SalsaSpin,100,2,0.9737335834896812,533
ShavingBeard,100,2,0.9518633540372672,644
Shotput,100,2,0.776595744680851,188
SkateBoarding,100,2,0.95985401459854,274
Skiing,100,2,0.9242424242424242,528
Skijet,100,2,0.7926267281105991,434
SkyDiving,100,2,0.9642857142857144,364
SoccerJuggling,100,2,0.9454094292803972,806
SoccerPenalty,100,2,0.9947089947089948,189
StillRings,100,2,0.8743016759776536,358
SumoWrestling,100,2,0.9876543209876544,405
Surfing,100,2,0.8161434977578476,446
Swing,100,2,0.995,400
TableTennisShot,100,2,0.9901234567901236,405
TaiChi,100,2,0.9777777777777776,315
TennisSwing,100,2,0.9636363636363636,440
ThrowDiscus,100,2,0.9308510638297872,188
TrampolineJumping,100,2,0.9909706546275396,443
Typing,100,2,0.9897959183673468,490
UnevenBars,100,2,0.8689138576779026,267
VolleyballSpiking,100,2,0.9433962264150944,212
WalkingWithDog,100,2,0.9486081370449678,467
WallPushups,100,2,0.9871794871794872,234
WritingOnBoard,100,2,0.9976359338061466,423
YoYo,100,2,0.9772727272727272,396
ApplyEyeMakeup,10,4,0.9322033898305084,413
ApplyLipstick,10,4,0.9912280701754386,342
Archery,10,4,0.8407960199004975,402
BabyCrawling,10,4,0.8796791443850267,374
BalanceBeam,10,4,0.6018957345971564,211
BandMarching,10,4,0.697391304347826,575
BaseballPitch,10,4,0.6623376623376623,231
Basketball,10,4,0.4397394136807817,307
BasketballDunk,10,4,0.93006993006993,143
BenchPress,10,4,0.7631578947368421,304
Biking,10,4,0.781651376146789,545
Billiards,10,4,0.9613899613899614,777
BlowDryHair,10,4,0.8256029684601113,539
BlowingCandles,10,4,0.9497206703910616,179
BodyWeightSquats,10,4,0.0829875518672199,241
Bowling,10,4,0.967948717948718,312
BoxingPunchingBag,10,4,0.5597826086956522,552
BoxingSpeedBag,10,4,0.3596491228070175,570
BreastStroke,10,4,0.722397476340694,317
BrushingTeeth,10,4,0.821247892074199,593
CleanAndJerk,10,4,0.6086956521739131,368
CliffDiving,10,4,0.3859649122807017,171
CricketBowling,10,4,0.9117647058823528,204
CricketShot,10,4,0.788135593220339,236
CuttingInKitchen,10,4,0.9845201238390092,323
Diving,10,4,0.8898678414096917,454
Drumming,10,4,0.7709011943539631,921
Fencing,10,4,0.5739130434782609,230
FieldHockeyPenalty,10,4,0.965665236051502,233
FloorGymnastics,10,4,0.6419354838709678,310
FrisbeeCatch,10,4,0.4342857142857143,175
FrontCrawl,10,4,0.9774436090225564,399
GolfSwing,10,4,0.9430051813471504,386
Haircut,10,4,0.7905759162303665,382
HammerThrow,10,4,0.5910112359550562,445
Hammering,10,4,0.9433333333333334,300
HandstandPushups,10,4,0.8057851239669421,242
HandstandWalking,10,4,0.721875,320
HeadMassage,10,4,0.8993576017130621,467
HighJump,10,4,0.2837209302325581,215
HorseRace,10,4,0.6991304347826087,575
HorseRiding,10,4,0.8522522522522522,555
HulaHoop,10,4,0.4175257731958763,194
IceDancing,10,4,0.6505524861878453,724
JavelinThrow,10,4,0.2596685082872928,181
JugglingBalls,10,4,0.453382084095064,547
JumpRope,10,4,0.40836820083682,1195
JumpingJack,10,4,0.1203007518796992,133
Kayaking,10,4,0.562992125984252,508
Knitting,10,4,0.934640522875817,459
LongJump,10,4,0.5034722222222222,288
Lunges,10,4,0.3320683111954459,527
MilitaryParade,10,4,0.9233870967741936,248
Mixing,10,4,0.9427480916030534,262
MoppingFloor,10,4,0.4925,400
Nunchucks,10,4,0.4972972972972973,555
ParallelBars,10,4,0.7397769516728625,269
PizzaTossing,10,4,0.1171171171171171,222
PlayingCello,10,4,0.9629629629629628,675
PlayingDaf,10,4,0.915841584158416,808
PlayingDhol,10,4,0.9615384615384616,884
PlayingFlute,10,4,0.967018469656992,758
PlayingGuitar,10,4,0.9874371859296482,796
PlayingPiano,10,4,0.9833333333333332,420
PlayingSitar,10,4,0.9962121212121212,1056
PlayingTabla,10,4,0.9908592321755028,547
PlayingViolin,10,4,0.9208860759493672,316
PoleVault,10,4,0.4602803738317757,428
PommelHorse,10,4,0.4515306122448979,784
PullUps,10,4,0.4642857142857143,224
Punch,10,4,0.9158767772511848,844
PushUps,10,4,0.7479674796747967,123
Rafting,10,4,0.4543010752688172,372
RockClimbingIndoor,10,4,0.8849129593810445,1034
RopeClimbing,10,4,0.3532763532763532,351
Rowing,10,4,0.569047619047619,840
SalsaSpin,10,4,0.5722326454033771,533
ShavingBeard,10,4,0.8804347826086957,644
Shotput,10,4,0.7712765957446809,188
SkateBoarding,10,4,0.5948905109489051,274
Skiing,10,4,0.6496212121212122,528
Skijet,10,4,0.8640552995391705,434
SkyDiving,10,4,0.8296703296703297,364
SoccerJuggling,10,4,0.3225806451612903,806
SoccerPenalty,10,4,0.9788359788359788,189
StillRings,10,4,0.8240223463687151,358
SumoWrestling,10,4,0.928395061728395,405
Surfing,10,4,0.742152466367713,446
Swing,10,4,0.46,400
TableTennisShot,10,4,0.5901234567901235,405
TaiChi,10,4,0.7492063492063492,315
TennisSwing,10,4,0.3772727272727272,440
ThrowDiscus,10,4,0.1968085106382978,188
TrampolineJumping,10,4,0.3927765237020316,443
Typing,10,4,0.9938775510204082,490
UnevenBars,10,4,0.3745318352059925,267
VolleyballSpiking,10,4,0.5141509433962265,212
WalkingWithDog,10,4,0.5546038543897216,467
WallPushups,10,4,0.9658119658119658,234
WritingOnBoard,10,4,0.9952718676122932,423
YoYo,10,4,0.3409090909090909,396
ApplyEyeMakeup,25,4,0.927360774818402,413
ApplyLipstick,25,4,0.9912280701754386,342
Archery,25,4,0.8582089552238806,402
BabyCrawling,25,4,0.8716577540106952,374
BalanceBeam,25,4,0.6682464454976303,211
BandMarching,25,4,0.7495652173913043,575
BaseballPitch,25,4,0.7532467532467533,231
Basketball,25,4,0.4723127035830619,307
BasketballDunk,25,4,0.9370629370629371,143
BenchPress,25,4,0.7828947368421053,304
Biking,25,4,0.7871559633027523,545
Billiards,25,4,0.954954954954955,777
BlowDryHair,25,4,0.8423005565862709,539
BlowingCandles,25,4,0.9441340782122905,179
BodyWeightSquats,25,4,0.13278008298755187,241
Bowling,25,4,0.967948717948718,312
BoxingPunchingBag,25,4,0.6177536231884058,552
BoxingSpeedBag,25,4,0.4789473684210526,570
BreastStroke,25,4,0.6656151419558359,317
BrushingTeeth,25,4,0.8381112984822934,593
CleanAndJerk,25,4,0.6766304347826086,368
CliffDiving,25,4,0.5146198830409356,171
CricketBowling,25,4,0.9166666666666666,204
CricketShot,25,4,0.8177966101694916,236
CuttingInKitchen,25,4,0.978328173374613,323
Diving,25,4,0.8832599118942731,454
Drumming,25,4,0.7915309446254072,921
Fencing,25,4,0.6521739130434783,230
FieldHockeyPenalty,25,4,0.9399141630901288,233
FloorGymnastics,25,4,0.6225806451612903,310
FrisbeeCatch,25,4,0.5314285714285715,175
FrontCrawl,25,4,0.9573934837092731,399
GolfSwing,25,4,0.9585492227979274,386
Haircut,25,4,0.8036649214659686,382
HammerThrow,25,4,0.6898876404494382,445
Hammering,25,4,0.9533333333333334,300
HandstandPushups,25,4,0.8140495867768595,242
HandstandWalking,25,4,0.7125,320
HeadMassage,25,4,0.8843683083511777,467
HighJump,25,4,0.27906976744186046,215
HorseRace,25,4,0.6695652173913044,575
HorseRiding,25,4,0.863063063063063,555
HulaHoop,25,4,0.5309278350515464,194
IceDancing,25,4,0.6091160220994475,724
JavelinThrow,25,4,0.3259668508287293,181
JugglingBalls,25,4,0.5758683729433273,547
JumpRope,25,4,0.5523012552301255,1195
JumpingJack,25,4,0.2706766917293233,133
Kayaking,25,4,0.562992125984252,508
Knitting,25,4,0.9193899782135077,459
LongJump,25,4,0.5381944444444444,288
Lunges,25,4,0.32637571157495254,527
MilitaryParade,25,4,0.907258064516129,248
Mixing,25,4,0.9427480916030534,262
MoppingFloor,25,4,0.5,400
Nunchucks,25,4,0.6612612612612613,555
ParallelBars,25,4,0.758364312267658,269
PizzaTossing,25,4,0.25675675675675674,222
PlayingCello,25,4,0.9807407407407407,675
PlayingDaf,25,4,0.9183168316831684,808
PlayingDhol,25,4,0.9660633484162896,884
PlayingFlute,25,4,0.9696569920844327,758
PlayingGuitar,25,4,0.992462311557789,796
PlayingPiano,25,4,0.9761904761904762,420
PlayingSitar,25,4,0.9971590909090909,1056
PlayingTabla,25,4,0.9908592321755028,547
PlayingViolin,25,4,0.9145569620253164,316
PoleVault,25,4,0.4182242990654206,428
PommelHorse,25,4,0.5089285714285714,784
PullUps,25,4,0.5758928571428571,224
Punch,25,4,0.9395734597156398,844
PushUps,25,4,0.8211382113821138,123
Rafting,25,4,0.4381720430107527,372
RockClimbingIndoor,25,4,0.9061895551257253,1034
RopeClimbing,25,4,0.46438746438746437,351
Rowing,25,4,0.5535714285714286,840
SalsaSpin,25,4,0.6735459662288931,533
ShavingBeard,25,4,0.8788819875776398,644
Shotput,25,4,0.8457446808510638,188
SkateBoarding,25,4,0.5948905109489051,274
Skiing,25,4,0.7291666666666666,528
Skijet,25,4,0.8940092165898618,434
SkyDiving,25,4,0.8214285714285714,364
SoccerJuggling,25,4,0.5,806
SoccerPenalty,25,4,0.9841269841269841,189
StillRings,25,4,0.8044692737430168,358
SumoWrestling,25,4,0.9654320987654321,405
Surfing,25,4,0.7062780269058296,446
Swing,25,4,0.485,400
TableTennisShot,25,4,0.7185185185185186,405
TaiChi,25,4,0.8095238095238095,315
TennisSwing,25,4,0.4818181818181818,440
ThrowDiscus,25,4,0.28191489361702127,188
TrampolineJumping,25,4,0.4650112866817156,443
Typing,25,4,0.9877551020408163,490
UnevenBars,25,4,0.4344569288389513,267
VolleyballSpiking,25,4,0.5613207547169812,212
WalkingWithDog,25,4,0.6274089935760171,467
WallPushups,25,4,0.9658119658119658,234
WritingOnBoard,25,4,1.0,423
YoYo,25,4,0.49242424242424243,396
ApplyEyeMakeup,50,4,0.9249394673123487,413
ApplyLipstick,50,4,0.9619883040935673,342
Archery,50,4,0.927860696517413,402
BabyCrawling,50,4,0.9491978609625669,374
BalanceBeam,50,4,0.8341232227488151,211
BandMarching,50,4,0.8608695652173913,575
BaseballPitch,50,4,0.8268398268398268,231
Basketball,50,4,0.8371335504885994,307
BasketballDunk,50,4,0.972027972027972,143
BenchPress,50,4,0.9736842105263158,304
Biking,50,4,0.9724770642201835,545
Billiards,50,4,0.9819819819819819,777
BlowDryHair,50,4,0.9257884972170687,539
BlowingCandles,50,4,0.9832402234636871,179
BodyWeightSquats,50,4,0.5186721991701245,241
Bowling,50,4,0.9807692307692307,312
BoxingPunchingBag,50,4,0.9456521739130435,552
BoxingSpeedBag,50,4,0.8368421052631579,570
BreastStroke,50,4,0.8675078864353313,317
BrushingTeeth,50,4,0.8566610455311973,593
CleanAndJerk,50,4,0.9021739130434783,368
CliffDiving,50,4,0.8011695906432749,171
CricketBowling,50,4,0.9509803921568627,204
CricketShot,50,4,0.7669491525423728,236
CuttingInKitchen,50,4,0.9659442724458205,323
Diving,50,4,0.9581497797356828,454
Drumming,50,4,0.9652551574375678,921
Fencing,50,4,0.9130434782608695,230
FieldHockeyPenalty,50,4,0.9570815450643777,233
FloorGymnastics,50,4,0.6774193548387096,310
FrisbeeCatch,50,4,0.6742857142857143,175
FrontCrawl,50,4,0.9774436090225563,399
GolfSwing,50,4,0.9766839378238342,386
Haircut,50,4,0.8481675392670157,382
HammerThrow,50,4,0.8269662921348314,445
Hammering,50,4,0.97,300
HandstandPushups,50,4,0.9338842975206612,242
HandstandWalking,50,4,0.84375,320
HeadMassage,50,4,0.9379014989293362,467
HighJump,50,4,0.4697674418604651,215
HorseRace,50,4,0.8347826086956521,575
HorseRiding,50,4,0.9315315315315316,555
HulaHoop,50,4,0.865979381443299,194
IceDancing,50,4,0.7859116022099447,724
JavelinThrow,50,4,0.6519337016574586,181
JugglingBalls,50,4,0.8884826325411335,547
JumpRope,50,4,0.8887029288702929,1195
JumpingJack,50,4,0.8270676691729323,133
Kayaking,50,4,0.8149606299212598,508
Knitting,50,4,0.9803921568627451,459
LongJump,50,4,0.4305555555555556,288
Lunges,50,4,0.6072106261859582,527
MilitaryParade,50,4,0.9274193548387096,248
Mixing,50,4,0.9809160305343512,262
MoppingFloor,50,4,0.7525,400
Nunchucks,50,4,0.7927927927927928,555
ParallelBars,50,4,0.7769516728624535,269
PizzaTossing,50,4,0.6846846846846847,222
PlayingCello,50,4,0.9925925925925926,675
PlayingDaf,50,4,0.9554455445544554,808
PlayingDhol,50,4,0.997737556561086,884
PlayingFlute,50,4,0.9775725593667546,758
PlayingGuitar,50,4,0.9974874371859297,796
PlayingPiano,50,4,0.9857142857142858,420
PlayingSitar,50,4,1.0,1056
PlayingTabla,50,4,0.9963436928702011,547
PlayingViolin,50,4,0.9715189873417721,316
PoleVault,50,4,0.6191588785046729,428
PommelHorse,50,4,0.9349489795918368,784
PullUps,50,4,0.8303571428571429,224
Punch,50,4,0.9703791469194313,844
PushUps,50,4,0.9512195121951219,123
Rafting,50,4,0.6209677419354839,372
RockClimbingIndoor,50,4,0.9313346228239845,1034
RopeClimbing,50,4,0.7720797720797721,351
Rowing,50,4,0.8428571428571429,840
SalsaSpin,50,4,0.8217636022514071,533
ShavingBeard,50,4,0.9145962732919255,644
Shotput,50,4,0.851063829787234,188
SkateBoarding,50,4,0.9051094890510949,274
Skiing,50,4,0.8428030303030303,528
Skijet,50,4,0.9032258064516129,434
SkyDiving,50,4,0.9175824175824175,364
SoccerJuggling,50,4,0.8188585607940446,806
SoccerPenalty,50,4,0.9947089947089947,189
StillRings,50,4,0.8798882681564246,358
SumoWrestling,50,4,0.980246913580247,405
Surfing,50,4,0.7443946188340808,446
Swing,50,4,0.91,400
TableTennisShot,50,4,0.9111111111111111,405
TaiChi,50,4,0.8571428571428571,315
TennisSwing,50,4,0.8204545454545454,440
ThrowDiscus,50,4,0.7127659574468085,188
TrampolineJumping,50,4,0.9367945823927766,443
Typing,50,4,0.9775510204081632,490
UnevenBars,50,4,0.6853932584269663,267
VolleyballSpiking,50,4,0.8443396226415094,212
WalkingWithDog,50,4,0.8051391862955032,467
WallPushups,50,4,0.9572649572649573,234
WritingOnBoard,50,4,0.9976359338061466,423
YoYo,50,4,0.8585858585858586,396
ApplyEyeMakeup,75,4,0.8571428571428571,413
ApplyLipstick,75,4,0.9122807017543859,342
Archery,75,4,0.9527363184079602,402
BabyCrawling,75,4,0.9224598930481284,374
BalanceBeam,75,4,0.8625592417061612,211
BandMarching,75,4,0.7965217391304348,575
BaseballPitch,75,4,0.8701298701298701,231
Basketball,75,4,0.8990228013029316,307
BasketballDunk,75,4,0.993006993006993,143
BenchPress,75,4,0.9605263157894737,304
Biking,75,4,0.9321100917431193,545
Billiards,75,4,0.9858429858429858,777
BlowDryHair,75,4,0.8961038961038961,539
BlowingCandles,75,4,0.9664804469273743,179
BodyWeightSquats,75,4,0.3360995850622407,241
Bowling,75,4,0.9807692307692307,312
BoxingPunchingBag,75,4,0.9184782608695652,552
BoxingSpeedBag,75,4,0.8210526315789474,570
BreastStroke,75,4,0.7003154574132492,317
BrushingTeeth,75,4,0.8448566610455311,593
CleanAndJerk,75,4,0.8940217391304348,368
CliffDiving,75,4,0.7953216374269005,171
CricketBowling,75,4,0.9411764705882353,204
CricketShot,75,4,0.7161016949152542,236
CuttingInKitchen,75,4,0.8978328173374613,323
Diving,75,4,0.9559471365638766,454
Drumming,75,4,0.9489685124864278,921
Fencing,75,4,0.9043478260869565,230
FieldHockeyPenalty,75,4,0.9313304721030042,233
FloorGymnastics,75,4,0.6548387096774193,310
FrisbeeCatch,75,4,0.7028571428571428,175
FrontCrawl,75,4,0.974937343358396,399
GolfSwing,75,4,0.9766839378238342,386
Haircut,75,4,0.7696335078534031,382
HammerThrow,75,4,0.8449438202247191,445
Hammering,75,4,0.9633333333333334,300
HandstandPushups,75,4,0.7892561983471075,242
HandstandWalking,75,4,0.828125,320
HeadMassage,75,4,0.9036402569593148,467
HighJump,75,4,0.6465116279069767,215
HorseRace,75,4,0.8191304347826087,575
HorseRiding,75,4,0.8954954954954955,555
HulaHoop,75,4,0.9175257731958762,194
IceDancing,75,4,0.6546961325966851,724
JavelinThrow,75,4,0.6961325966850829,181
JugglingBalls,75,4,0.9140767824497258,547
JumpRope,75,4,0.897071129707113,1195
JumpingJack,75,4,0.6390977443609023,133
Kayaking,75,4,0.7244094488188977,508
Knitting,75,4,0.9215686274509803,459
LongJump,75,4,0.5104166666666666,288
Lunges,75,4,0.5445920303605313,527
MilitaryParade,75,4,0.9354838709677419,248
Mixing,75,4,0.9732824427480916,262
MoppingFloor,75,4,0.675,400
Nunchucks,75,4,0.7945945945945946,555
ParallelBars,75,4,0.7769516728624535,269
PizzaTossing,75,4,0.6351351351351351,222
PlayingCello,75,4,0.9925925925925926,675
PlayingDaf,75,4,0.9220297029702971,808
PlayingDhol,75,4,0.995475113122172,884
PlayingFlute,75,4,0.9722955145118733,758
PlayingGuitar,75,4,0.9798994974874372,796
PlayingPiano,75,4,0.9857142857142858,420
PlayingSitar,75,4,1.0,1056
PlayingTabla,75,4,0.9853747714808044,547
PlayingViolin,75,4,0.9620253164556962,316
PoleVault,75,4,0.647196261682243,428
PommelHorse,75,4,0.9375,784
PullUps,75,4,0.8080357142857143,224
Punch,75,4,0.9419431279620853,844
PushUps,75,4,0.9512195121951219,123
Rafting,75,4,0.4650537634408602,372
RockClimbingIndoor,75,4,0.9235976789168279,1034
RopeClimbing,75,4,0.7863247863247863,351
Rowing,75,4,0.7261904761904762,840
SalsaSpin,75,4,0.7579737335834896,533
ShavingBeard,75,4,0.8773291925465838,644
Shotput,75,4,0.8617021276595744,188
SkateBoarding,75,4,0.864963503649635,274
Skiing,75,4,0.8693181818181818,528
Skijet,75,4,0.7949308755760369,434
SkyDiving,75,4,0.8543956043956044,364
SoccerJuggling,75,4,0.8387096774193549,806
SoccerPenalty,75,4,0.9947089947089947,189
StillRings,75,4,0.8296089385474861,358
SumoWrestling,75,4,0.9753086419753086,405
Surfing,75,4,0.6973094170403588,446
Swing,75,4,0.8625,400
TableTennisShot,75,4,0.8419753086419753,405
TaiChi,75,4,0.9079365079365079,315
TennisSwing,75,4,0.8727272727272727,440
ThrowDiscus,75,4,0.675531914893617,188
TrampolineJumping,75,4,0.8803611738148984,443
Typing,75,4,0.9510204081632653,490
UnevenBars,75,4,0.7453183520599251,267
VolleyballSpiking,75,4,0.8113207547169812,212
WalkingWithDog,75,4,0.7922912205567452,467
WallPushups,75,4,0.9102564102564102,234
WritingOnBoard,75,4,0.9929078014184397,423
YoYo,75,4,0.9343434343434344,396
ApplyEyeMakeup,100,4,0.8571428571428571,413
ApplyLipstick,100,4,0.9122807017543859,342
Archery,100,4,0.9527363184079602,402
BabyCrawling,100,4,0.9224598930481284,374
BalanceBeam,100,4,0.8625592417061612,211
BandMarching,100,4,0.7965217391304348,575
BaseballPitch,100,4,0.8701298701298701,231
Basketball,100,4,0.8990228013029316,307
BasketballDunk,100,4,0.993006993006993,143
BenchPress,100,4,0.9605263157894737,304
Biking,100,4,0.9321100917431193,545
Billiards,100,4,0.9858429858429858,777
BlowDryHair,100,4,0.8961038961038961,539
BlowingCandles,100,4,0.9664804469273743,179
BodyWeightSquats,100,4,0.3360995850622407,241
Bowling,100,4,0.9807692307692307,312
BoxingPunchingBag,100,4,0.9184782608695652,552
BoxingSpeedBag,100,4,0.8210526315789474,570
BreastStroke,100,4,0.7003154574132492,317
BrushingTeeth,100,4,0.8448566610455311,593
CleanAndJerk,100,4,0.8940217391304348,368
CliffDiving,100,4,0.7953216374269005,171
CricketBowling,100,4,0.9411764705882353,204
CricketShot,100,4,0.7161016949152542,236
CuttingInKitchen,100,4,0.8978328173374613,323
Diving,100,4,0.9559471365638766,454
Drumming,100,4,0.9489685124864278,921
Fencing,100,4,0.9043478260869565,230
FieldHockeyPenalty,100,4,0.9313304721030042,233
FloorGymnastics,100,4,0.6548387096774193,310
FrisbeeCatch,100,4,0.7028571428571428,175
FrontCrawl,100,4,0.974937343358396,399
GolfSwing,100,4,0.9766839378238342,386
Haircut,100,4,0.7696335078534031,382
HammerThrow,100,4,0.8449438202247191,445
Hammering,100,4,0.9633333333333334,300
HandstandPushups,100,4,0.7892561983471075,242
HandstandWalking,100,4,0.828125,320
HeadMassage,100,4,0.9036402569593148,467
HighJump,100,4,0.6465116279069767,215
HorseRace,100,4,0.8191304347826087,575
HorseRiding,100,4,0.8954954954954955,555
HulaHoop,100,4,0.9175257731958762,194
IceDancing,100,4,0.6546961325966851,724
JavelinThrow,100,4,0.6961325966850829,181
JugglingBalls,100,4,0.9140767824497258,547
JumpRope,100,4,0.897071129707113,1195
JumpingJack,100,4,0.6390977443609023,133
Kayaking,100,4,0.7244094488188977,508
Knitting,100,4,0.9215686274509803,459
LongJump,100,4,0.5104166666666666,288
Lunges,100,4,0.5445920303605313,527
MilitaryParade,100,4,0.9354838709677419,248
Mixing,100,4,0.9732824427480916,262
MoppingFloor,100,4,0.675,400
Nunchucks,100,4,0.7945945945945946,555
ParallelBars,100,4,0.7769516728624535,269
PizzaTossing,100,4,0.6351351351351351,222
PlayingCello,100,4,0.9925925925925926,675
PlayingDaf,100,4,0.9220297029702971,808
PlayingDhol,100,4,0.995475113122172,884
PlayingFlute,100,4,0.9722955145118733,758
PlayingGuitar,100,4,0.9798994974874372,796
PlayingPiano,100,4,0.9857142857142858,420
PlayingSitar,100,4,1.0,1056
PlayingTabla,100,4,0.9853747714808044,547
PlayingViolin,100,4,0.9620253164556962,316
PoleVault,100,4,0.647196261682243,428
PommelHorse,100,4,0.9375,784
PullUps,100,4,0.8080357142857143,224
Punch,100,4,0.9419431279620853,844
PushUps,100,4,0.9512195121951219,123
Rafting,100,4,0.4650537634408602,372
RockClimbingIndoor,100,4,0.9235976789168279,1034
RopeClimbing,100,4,0.7863247863247863,351
Rowing,100,4,0.7261904761904762,840
SalsaSpin,100,4,0.7579737335834896,533
ShavingBeard,100,4,0.8773291925465838,644
Shotput,100,4,0.8617021276595744,188
SkateBoarding,100,4,0.864963503649635,274
Skiing,100,4,0.8693181818181818,528
Skijet,100,4,0.7949308755760369,434
SkyDiving,100,4,0.8543956043956044,364
SoccerJuggling,100,4,0.8387096774193549,806
SoccerPenalty,100,4,0.9947089947089947,189
StillRings,100,4,0.8296089385474861,358
SumoWrestling,100,4,0.9753086419753086,405
Surfing,100,4,0.6973094170403588,446
Swing,100,4,0.8625,400
TableTennisShot,100,4,0.8419753086419753,405
TaiChi,100,4,0.9079365079365079,315
TennisSwing,100,4,0.8727272727272727,440
ThrowDiscus,100,4,0.675531914893617,188
TrampolineJumping,100,4,0.8803611738148984,443
Typing,100,4,0.9510204081632653,490
UnevenBars,100,4,0.7453183520599251,267
VolleyballSpiking,100,4,0.8113207547169812,212
WalkingWithDog,100,4,0.7922912205567452,467
WallPushups,100,4,0.9102564102564102,234
WritingOnBoard,100,4,0.9929078014184397,423
YoYo,100,4,0.9343434343434344,396
ApplyEyeMakeup,10,8,0.8450363196125908,413
ApplyLipstick,10,8,0.9912280701754386,342
Archery,10,8,0.4975124378109453,402
BabyCrawling,10,8,0.6497326203208557,374
BalanceBeam,10,8,0.36018957345971564,211
BandMarching,10,8,0.4608695652173913,575
BaseballPitch,10,8,0.5281385281385281,231
Basketball,10,8,0.1791530944625407,307
BasketballDunk,10,8,0.6363636363636364,143
BenchPress,10,8,0.26644736842105265,304
Biking,10,8,0.48256880733944957,545
Billiards,10,8,0.9214929214929215,777
BlowDryHair,10,8,0.588126159554731,539
BlowingCandles,10,8,0.8603351955307262,179
BodyWeightSquats,10,8,0.0,241
Bowling,10,8,0.9551282051282052,312
BoxingPunchingBag,10,8,0.1358695652173913,552
BoxingSpeedBag,10,8,0.08421052631578947,570
BreastStroke,10,8,0.39747634069400634,317
BrushingTeeth,10,8,0.7200674536256324,593
CleanAndJerk,10,8,0.1766304347826087,368
CliffDiving,10,8,0.07602339181286549,171
CricketBowling,10,8,0.8823529411764706,204
CricketShot,10,8,0.7245762711864406,236
CuttingInKitchen,10,8,0.9814241486068112,323
Diving,10,8,0.5066079295154186,454
Drumming,10,8,0.7133550488599348,921
Fencing,10,8,0.10434782608695652,230
FieldHockeyPenalty,10,8,0.9098712446351931,233
FloorGymnastics,10,8,0.5548387096774193,310
FrisbeeCatch,10,8,0.15428571428571428,175
FrontCrawl,10,8,0.7268170426065163,399
GolfSwing,10,8,0.9248704663212435,386
Haircut,10,8,0.5759162303664922,382
HammerThrow,10,8,0.3595505617977528,445
Hammering,10,8,0.8466666666666667,300
HandstandPushups,10,8,0.5165289256198347,242
HandstandWalking,10,8,0.49375,320
HeadMassage,10,8,0.6852248394004282,467
HighJump,10,8,0.13023255813953488,215
HorseRace,10,8,0.47130434782608693,575
HorseRiding,10,8,0.5261261261261261,555
HulaHoop,10,8,0.13917525773195877,194
IceDancing,10,8,0.18370165745856354,724
JavelinThrow,10,8,0.06629834254143646,181
JugglingBalls,10,8,0.043875685557586835,547
JumpRope,10,8,0.06861924686192468,1195
JumpingJack,10,8,0.0,133
Kayaking,10,8,0.20669291338582677,508
Knitting,10,8,0.7407407407407407,459
LongJump,10,8,0.3958333333333333,288
Lunges,10,8,0.09297912713472485,527
MilitaryParade,10,8,0.8467741935483871,248
Mixing,10,8,0.8893129770992366,262
MoppingFloor,10,8,0.2175,400
Nunchucks,10,8,0.1891891891891892,555
ParallelBars,10,8,0.6245353159851301,269
PizzaTossing,10,8,0.0045045045045045045,222
PlayingCello,10,8,0.8562962962962963,675
PlayingDaf,10,8,0.7277227722772277,808
PlayingDhol,10,8,0.8789592760180995,884
PlayingFlute,10,8,0.9300791556728232,758
PlayingGuitar,10,8,0.9447236180904522,796
PlayingPiano,10,8,0.9642857142857143,420
PlayingSitar,10,8,0.9715909090909091,1056
PlayingTabla,10,8,0.9835466179159049,547
PlayingViolin,10,8,0.819620253164557,316
PoleVault,10,8,0.2546728971962617,428
PommelHorse,10,8,0.28316326530612246,784
PullUps,10,8,0.07142857142857142,224
Punch,10,8,0.7867298578199052,844
PushUps,10,8,0.4634146341463415,123
Rafting,10,8,0.11559139784946236,372
RockClimbingIndoor,10,8,0.8017408123791102,1034
RopeClimbing,10,8,0.10826210826210826,351
Rowing,10,8,0.30714285714285716,840
SalsaSpin,10,8,0.17448405253283303,533
ShavingBeard,10,8,0.8105590062111802,644
Shotput,10,8,0.6382978723404256,188
SkateBoarding,10,8,0.09854014598540146,274
Skiing,10,8,0.30492424242424243,528
Skijet,10,8,0.7764976958525346,434
SkyDiving,10,8,0.5714285714285714,364
SoccerJuggling,10,8,0.02977667493796526,806
SoccerPenalty,10,8,0.9735449735449735,189
StillRings,10,8,0.6703910614525139,358
SumoWrestling,10,8,0.8395061728395061,405
Surfing,10,8,0.3834080717488789,446
Swing,10,8,0.0425,400
TableTennisShot,10,8,0.4,405
TaiChi,10,8,0.6285714285714286,315
TennisSwing,10,8,0.23636363636363636,440
ThrowDiscus,10,8,0.0425531914893617,188
TrampolineJumping,10,8,0.15575620767494355,443
Typing,10,8,0.9877551020408163,490
UnevenBars,10,8,0.30337078651685395,267
VolleyballSpiking,10,8,0.09433962264150944,212
WalkingWithDog,10,8,0.3169164882226981,467
WallPushups,10,8,0.9401709401709402,234
WritingOnBoard,10,8,1.0,423
YoYo,10,8,0.03787878787878788,396
ApplyEyeMakeup,25,8,0.910411622276029,413
ApplyLipstick,25,8,0.9883040935672515,342
Archery,25,8,0.8407960199004975,402
BabyCrawling,25,8,0.8716577540106952,374
BalanceBeam,25,8,0.6066350710900474,211
BandMarching,25,8,0.6521739130434783,575
BaseballPitch,25,8,0.70995670995671,231
Basketball,25,8,0.4723127035830619,307
BasketballDunk,25,8,0.9230769230769231,143
BenchPress,25,8,0.7039473684210527,304
Biking,25,8,0.7944954128440367,545
Billiards,25,8,0.9601029601029601,777
BlowDryHair,25,8,0.8256029684601113,539
BlowingCandles,25,8,0.9441340782122905,179
BodyWeightSquats,25,8,0.0995850622406639,241
Bowling,25,8,0.9743589743589743,312
BoxingPunchingBag,25,8,0.5108695652173914,552
BoxingSpeedBag,25,8,0.28771929824561404,570
BreastStroke,25,8,0.7570977917981072,317
BrushingTeeth,25,8,0.8499156829679595,593
CleanAndJerk,25,8,0.6222826086956522,368
CliffDiving,25,8,0.43859649122807015,171
CricketBowling,25,8,0.9264705882352942,204
CricketShot,25,8,0.8220338983050848,236
CuttingInKitchen,25,8,0.9876160990712074,323
Diving,25,8,0.8920704845814978,454
Drumming,25,8,0.7806731813246471,921
Fencing,25,8,0.5608695652173913,230
FieldHockeyPenalty,25,8,0.9570815450643777,233
FloorGymnastics,25,8,0.6935483870967742,310
FrisbeeCatch,25,8,0.44,175
FrontCrawl,25,8,0.9523809523809523,399
GolfSwing,25,8,0.9430051813471503,386
Haircut,25,8,0.7591623036649214,382
HammerThrow,25,8,0.6292134831460674,445
Hammering,25,8,0.94,300
HandstandPushups,25,8,0.7975206611570248,242
HandstandWalking,25,8,0.734375,320
HeadMassage,25,8,0.8907922912205567,467
HighJump,25,8,0.2930232558139535,215
HorseRace,25,8,0.6730434782608695,575
HorseRiding,25,8,0.8468468468468469,555
HulaHoop,25,8,0.32989690721649484,194
IceDancing,25,8,0.6201657458563536,724
JavelinThrow,25,8,0.23204419889502761,181
JugglingBalls,25,8,0.3491773308957952,547
JumpRope,25,8,0.42594142259414225,1195
JumpingJack,25,8,0.09774436090225563,133
Kayaking,25,8,0.5295275590551181,508
Knitting,25,8,0.934640522875817,459
LongJump,25,8,0.59375,288
Lunges,25,8,0.3225806451612903,527
MilitaryParade,25,8,0.9233870967741935,248
Mixing,25,8,0.9389312977099237,262
MoppingFloor,25,8,0.51,400
Nunchucks,25,8,0.5207207207207207,555
ParallelBars,25,8,0.7732342007434945,269
PizzaTossing,25,8,0.09009009009009009,222
PlayingCello,25,8,0.9688888888888889,675
PlayingDaf,25,8,0.9220297029702971,808
PlayingDhol,25,8,0.9683257918552036,884
PlayingFlute,25,8,0.9709762532981531,758
PlayingGuitar,25,8,0.9886934673366834,796
PlayingPiano,25,8,0.9833333333333333,420
PlayingSitar,25,8,0.9971590909090909,1056
PlayingTabla,25,8,0.9872029250457038,547
PlayingViolin,25,8,0.9113924050632911,316
PoleVault,25,8,0.441588785046729,428
PommelHorse,25,8,0.39158163265306123,784
PullUps,25,8,0.5357142857142857,224
Punch,25,8,0.9111374407582938,844
PushUps,25,8,0.6991869918699187,123
Rafting,25,8,0.40591397849462363,372
RockClimbingIndoor,25,8,0.8955512572533849,1034
RopeClimbing,25,8,0.36752136752136755,351
Rowing,25,8,0.5595238095238095,840
SalsaSpin,25,8,0.575984990619137,533
ShavingBeard,25,8,0.8726708074534162,644
Shotput,25,8,0.8138297872340425,188
SkateBoarding,25,8,0.5547445255474452,274
Skiing,25,8,0.6439393939393939,528
Skijet,25,8,0.9009216589861752,434
SkyDiving,25,8,0.8104395604395604,364
SoccerJuggling,25,8,0.3225806451612903,806
SoccerPenalty,25,8,0.9841269841269841,189
StillRings,25,8,0.835195530726257,358
SumoWrestling,25,8,0.9506172839506173,405
Surfing,25,8,0.6838565022421524,446
Swing,25,8,0.415,400
TableTennisShot,25,8,0.6222222222222222,405
TaiChi,25,8,0.7841269841269841,315
TennisSwing,25,8,0.4159090909090909,440
ThrowDiscus,25,8,0.20212765957446807,188
TrampolineJumping,25,8,0.42437923250564336,443
Typing,25,8,0.9897959183673469,490
UnevenBars,25,8,0.45692883895131087,267
VolleyballSpiking,25,8,0.5471698113207547,212
WalkingWithDog,25,8,0.5738758029978587,467
WallPushups,25,8,0.9529914529914529,234
WritingOnBoard,25,8,1.0,423
YoYo,25,8,0.37373737373737376,396
ApplyEyeMakeup,50,8,0.9128329297820823,413
ApplyLipstick,50,8,0.9298245614035088,342
Archery,50,8,0.9303482587064676,402
BabyCrawling,50,8,0.9411764705882353,374
BalanceBeam,50,8,0.8483412322274881,211
BandMarching,50,8,0.7217391304347827,575
BaseballPitch,50,8,0.8181818181818182,231
Basketball,50,8,0.8566775244299675,307
BasketballDunk,50,8,0.9230769230769231,143
BenchPress,50,8,0.9572368421052632,304
Biking,50,8,0.926605504587156,545
Billiards,50,8,0.9806949806949807,777
BlowDryHair,50,8,0.8905380333951762,539
BlowingCandles,50,8,0.9776536312849162,179
BodyWeightSquats,50,8,0.45228215767634855,241
Bowling,50,8,0.9807692307692307,312
BoxingPunchingBag,50,8,0.8514492753623188,552
BoxingSpeedBag,50,8,0.7157894736842105,570
BreastStroke,50,8,0.8801261829652997,317
BrushingTeeth,50,8,0.8903878583473862,593
CleanAndJerk,50,8,0.8641304347826086,368
CliffDiving,50,8,0.7076023391812866,171
CricketBowling,50,8,0.9754901960784313,204
CricketShot,50,8,0.7457627118644068,236
CuttingInKitchen,50,8,0.978328173374613,323
Diving,50,8,0.9515418502202643,454
Drumming,50,8,0.9728555917480999,921
Fencing,50,8,0.8434782608695652,230
FieldHockeyPenalty,50,8,0.9742489270386266,233
FloorGymnastics,50,8,0.7612903225806451,310
FrisbeeCatch,50,8,0.6057142857142858,175
FrontCrawl,50,8,0.9573934837092731,399
GolfSwing,50,8,0.9922279792746114,386
Haircut,50,8,0.8010471204188482,382
HammerThrow,50,8,0.7775280898876404,445
Hammering,50,8,0.94,300
HandstandPushups,50,8,0.871900826446281,242
HandstandWalking,50,8,0.79375,320
HeadMassage,50,8,0.9421841541755889,467
HighJump,50,8,0.4930232558139535,215
HorseRace,50,8,0.688695652173913,575
HorseRiding,50,8,0.8864864864864865,555
HulaHoop,50,8,0.6597938144329897,194
IceDancing,50,8,0.8314917127071824,724
JavelinThrow,50,8,0.5027624309392266,181
JugglingBalls,50,8,0.6654478976234004,547
JumpRope,50,8,0.8343096234309624,1195
JumpingJack,50,8,0.6165413533834586,133
Kayaking,50,8,0.7283464566929134,508
Knitting,50,8,0.971677559912854,459
LongJump,50,8,0.5729166666666666,288
Lunges,50,8,0.5654648956356736,527
MilitaryParade,50,8,0.9314516129032258,248
Mixing,50,8,0.9389312977099237,262
MoppingFloor,50,8,0.695,400
Nunchucks,50,8,0.7963963963963964,555
ParallelBars,50,8,0.7992565055762082,269
PizzaTossing,50,8,0.5225225225225225,222
PlayingCello,50,8,0.9822222222222222,675
PlayingDaf,50,8,0.9665841584158416,808
PlayingDhol,50,8,0.9852941176470589,884
PlayingFlute,50,8,0.9802110817941952,758
PlayingGuitar,50,8,0.9949748743718593,796
PlayingPiano,50,8,0.9928571428571429,420
PlayingSitar,50,8,0.9981060606060606,1056
PlayingTabla,50,8,0.9963436928702011,547
PlayingViolin,50,8,0.939873417721519,316
PoleVault,50,8,0.514018691588785,428
PommelHorse,50,8,0.8852040816326531,784
PullUps,50,8,0.8303571428571429,224
Punch,50,8,0.9691943127962085,844
PushUps,50,8,0.8861788617886179,123
Rafting,50,8,0.553763440860215,372
RockClimbingIndoor,50,8,0.9381044487427466,1034
RopeClimbing,50,8,0.6666666666666666,351
Rowing,50,8,0.7047619047619048,840
SalsaSpin,50,8,0.8330206378986866,533
ShavingBeard,50,8,0.8913043478260869,644
Shotput,50,8,0.851063829787234,188
SkateBoarding,50,8,0.8175182481751825,274
Skiing,50,8,0.8200757575757576,528
Skijet,50,8,0.9285714285714286,434
SkyDiving,50,8,0.9065934065934066,364
SoccerJuggling,50,8,0.7245657568238213,806
SoccerPenalty,50,8,0.9947089947089947,189
StillRings,50,8,0.8491620111731844,358
SumoWrestling,50,8,0.9703703703703703,405
Surfing,50,8,0.7242152466367713,446
Swing,50,8,0.75,400
TableTennisShot,50,8,0.8617283950617284,405
TaiChi,50,8,0.8444444444444444,315
TennisSwing,50,8,0.8022727272727272,440
ThrowDiscus,50,8,0.5957446808510638,188
TrampolineJumping,50,8,0.8103837471783296,443
Typing,50,8,0.9897959183673469,490
UnevenBars,50,8,0.6217228464419475,267
VolleyballSpiking,50,8,0.7971698113207547,212
WalkingWithDog,50,8,0.7430406852248393,467
WallPushups,50,8,0.9401709401709402,234
WritingOnBoard,50,8,0.9976359338061466,423
YoYo,50,8,0.7929292929292929,396
ApplyEyeMakeup,75,8,0.8692493946731235,413
ApplyLipstick,75,8,0.9181286549707602,342
Archery,75,8,0.9079601990049752,402
BabyCrawling,75,8,0.9117647058823529,374
BalanceBeam,75,8,0.7819905213270142,211
BandMarching,75,8,0.6452173913043479,575
BaseballPitch,75,8,0.8138528138528138,231
Basketball,75,8,0.8143322475570033,307
BasketballDunk,75,8,0.9370629370629371,143
BenchPress,75,8,0.944078947368421,304
Biking,75,8,0.8568807339449541,545
Billiards,75,8,0.9806949806949807,777
BlowDryHair,75,8,0.8348794063079777,539
BlowingCandles,75,8,0.9608938547486033,179
BodyWeightSquats,75,8,0.2863070539419087,241
Bowling,75,8,0.9775641025641025,312
BoxingPunchingBag,75,8,0.6304347826086957,552
BoxingSpeedBag,75,8,0.5684210526315789,570
BreastStroke,75,8,0.6593059936908517,317
BrushingTeeth,75,8,0.8768971332209107,593
CleanAndJerk,75,8,0.7934782608695652,368
CliffDiving,75,8,0.6081871345029239,171
CricketBowling,75,8,0.9558823529411765,204
CricketShot,75,8,0.6779661016949152,236
CuttingInKitchen,75,8,0.9442724458204335,323
Diving,75,8,0.9493392070484582,454
Drumming,75,8,0.9500542888165038,921
Fencing,75,8,0.7739130434782608,230
FieldHockeyPenalty,75,8,0.9484978540772532,233
FloorGymnastics,75,8,0.7322580645161291,310
FrisbeeCatch,75,8,0.5142857142857142,175
FrontCrawl,75,8,0.9122807017543859,399
GolfSwing,75,8,0.9896373056994818,386
Haircut,75,8,0.8010471204188482,382
HammerThrow,75,8,0.7662921348314606,445
Hammering,75,8,0.94,300
HandstandPushups,75,8,0.731404958677686,242
HandstandWalking,75,8,0.7625,320
HeadMassage,75,8,0.8779443254817987,467
HighJump,75,8,0.5302325581395348,215
HorseRace,75,8,0.6313043478260869,575
HorseRiding,75,8,0.8540540540540541,555
HulaHoop,75,8,0.5876288659793815,194
IceDancing,75,8,0.611878453038674,724
JavelinThrow,75,8,0.40331491712707185,181
JugglingBalls,75,8,0.6124314442413162,547
JumpRope,75,8,0.7497907949790795,1195
JumpingJack,75,8,0.42105263157894735,133
Kayaking,75,8,0.4409448818897638,508
Knitting,75,8,0.9281045751633987,459
LongJump,75,8,0.5381944444444444,288
Lunges,75,8,0.3984819734345351,527
MilitaryParade,75,8,0.9354838709677419,248
Mixing,75,8,0.950381679389313,262
MoppingFloor,75,8,0.635,400
Nunchucks,75,8,0.7135135135135136,555
ParallelBars,75,8,0.7881040892193308,269
PizzaTossing,75,8,0.4774774774774775,222
PlayingCello,75,8,0.9688888888888889,675
PlayingDaf,75,8,0.9071782178217822,808
PlayingDhol,75,8,0.9728506787330317,884
PlayingFlute,75,8,0.978891820580475,758
PlayingGuitar,75,8,0.964824120603015,796
PlayingPiano,75,8,0.9857142857142858,420
PlayingSitar,75,8,0.9971590909090909,1056
PlayingTabla,75,8,0.9963436928702011,547
PlayingViolin,75,8,0.9240506329113924,316
PoleVault,75,8,0.5280373831775701,428
PommelHorse,75,8,0.8035714285714286,784
PullUps,75,8,0.7946428571428571,224
Punch,75,8,0.9289099526066351,844
PushUps,75,8,0.9105691056910569,123
Rafting,75,8,0.3225806451612903,372
RockClimbingIndoor,75,8,0.9264990328820116,1034
RopeClimbing,75,8,0.6267806267806267,351
Rowing,75,8,0.5488095238095239,840
SalsaSpin,75,8,0.6941838649155723,533
ShavingBeard,75,8,0.860248447204969,644
Shotput,75,8,0.8723404255319149,188
SkateBoarding,75,8,0.6459854014598541,274
Skiing,75,8,0.8143939393939394,528
Skijet,75,8,0.880184331797235,434
SkyDiving,75,8,0.8571428571428571,364
SoccerJuggling,75,8,0.6364764267990074,806
SoccerPenalty,75,8,0.9947089947089947,189
StillRings,75,8,0.8016759776536313,358
SumoWrestling,75,8,0.9580246913580247,405
Surfing,75,8,0.6457399103139013,446
Swing,75,8,0.585,400
TableTennisShot,75,8,0.674074074074074,405
TaiChi,75,8,0.8666666666666667,315
TennisSwing,75,8,0.7204545454545455,440
ThrowDiscus,75,8,0.425531914893617,188
TrampolineJumping,75,8,0.5936794582392777,443
Typing,75,8,0.9714285714285714,490
UnevenBars,75,8,0.5767790262172284,267
VolleyballSpiking,75,8,0.7028301886792453,212
WalkingWithDog,75,8,0.6788008565310493,467
WallPushups,75,8,0.9487179487179487,234
WritingOnBoard,75,8,0.9976359338061466,423
YoYo,75,8,0.7348484848484849,396
